lang,audio_file,duration_s,reference,hypothesis,metric_type,metric_value_pct
en,en_0.wav,10.56,however due to the slow communication channels styles in the west could lag behind by 25 to 30 year,"However, due to the slow communication channels, styles in the West could lag behind by 25 to 30 years.",WER,5.26
en,en_1.wav,8.76,all nouns alongside the word sie for you always begin with a capital letter even in the middle of a sentence,"All nouns alongside the world say for you. always begin with a capital letter, even in the middle of a sentence.",WER,9.52
en,en_2.wav,11.46,to the north and within easy reach is the romantic and fascinating town of sintra and which was made famous to foreigners after a glowing account of its splendours recorded by lord byron,To the north and within easy reach is the romantic and fascinating town of Sintra and which was be famous to foreigners after a glowing account of splenerous recorded by Lord Byron.,WER,9.09
en,en_3.wav,5.76,the cabbage juice changes color depending on how acidic or basic alkaline the chemical is,"The chemistrysries changes its color, depending on how acidic, basic alkaline the chemical is.",WER,26.67
en,en_4.wav,4.32,many people don't think about them as dinosaurs because they have feathers and can fly,Many people don't think about them as dinosaurs because they have feathers and.,WER,13.33
zh,zh_0.wav,10.38,这 并 不 是 告 别 这 是 一 个 篇 章 的 结 束 也 是 新 篇 章 的 开 始,这并不是告别，这是一个篇章的结束，也是新篇章的开始。,CER,13.04
zh,zh_1.wav,8.28,钙 钾 等 元 素 属 于 金 属 银 和 金 等 元 素 当 然 也 是 金 属,钙钾等元素属于金属、银合金等元素当然也是金属。,CER,14.29
zh,zh_2.wav,13.86,桥 下 垂 直 净 空 15 米 该 项 目 于 2011 年 8 月 完 工 但 直 到 2017 年 3 月 才 开 始 通 车,桥下垂直净空15米，该项目于2011年8月完工，但直到2017年3月才开始通车。,CER,8.11
zh,zh_3.wav,15.42,适 当 使 用 博 客 可 以 使 学 生 变 得 更 善 于 分 析 和 进 行 思 辨 通 过 积 极 回 应 网 络 材 料 学 生 们 可 以 在 他 人 文 章 的 上 下 文 语 境 中 找 到 自 己 的 立 场 并 能 够 针 对 特 定 问 题 提 出 自 己 的 观 点 oravec 2002,适当使用博客，可以使学生变得更善于分析和进行思辨，通过积极回忆网络材料，学生们可以在他人的文章的上下文语境中找到自己的立场，并能够针对特定问题提出自己的观点。work2002。,CER,15.66
zh,zh_4.wav,12.9,科 学 家 们 可 以 得 出 结 论 暗 物 质 对 其 他 暗 物 质 的 影 响 方 式 与 普 通 物 质 相 同,科学家们可以得出结论，暗物质对其他暗物质的影响方式与普通物质相同。,CER,6.45
ko,ko_0.wav,12.48,다리 밑 수직 간격은 15미터이며 공사는 2011년 8월에 마무리되었으며 해당 다리의 통행금지는 2017년 3월까지이다,다리미 수직 간격은 십5미터이며 공사는2011 년 8 월에 마무리되었으며 해당 다리의 통행금는 이0 십칠 년  삼 월까지이다.,WER,92.86
ko,ko_1.wav,10.8,델 포트로가 2세트에서 먼저 어드밴티지를 얻었지만 6 대 6이 된 후 다시 타이 브레이크가 필요했다,데 포트로가 이 세트에서 먼저 어드벤티지를 얻었지만 6 대 6이 된 후 다시 타이이브레이크가 필요했다.,WER,40.0
ko,ko_2.wav,8.94,염소 사육은 대략 일만 년 전에 이란의 자그로스산맥에서 시작한 것으로 보입니다,염소 사육은 대략 1만년 전에 이란의 자그로스 산맥에서 시작한 것으로 보입니다.,WER,36.36
ko,ko_3.wav,12.54,겨울에 북발트해를 건널 경우에는 빙판을 통과하면서 꽤 끔찍한 소음이 발생하기 때문에 객실의 위치를 확인하는 것이 좋다,겨울에 북 발트에를 건널 경우에는 빙판을 통과하면서 꽤 끔찍한 소음이 발생하기 때문에 객실의 위치를 확인하는 것이 좋다.,WER,12.5
ko,ko_4.wav,12.12,홍콩의 스카이라인을 이루는 빌딩 행렬은 빅토리아 항구의 수면에 선명히 비치는 모습 때문에 반짝이는 막대그래프에 비유된다,홍콩의 스카이라인을 이루는 빌딩 행렬은 빅토리아 항구의 수면에 선명이이 비치는 모습 때문에 반짝이는 막대 그래프에 비유된다.,WER,20.0
